model,time,zooplankton biomass (Pg C),phytoplankton biomass (Pg C),mixoplankton biomass (Pg C),size mean (Î¼m),exp
0,0.5,0.10015385,0.08929633,0.30355453,38.682323,solar effect
0,99.5,0.09210588,0.08051182,0.2978494,33.870495,solar effect
0,100.5,0.054144878,0.057395898,0.20519152,32.662785,solar effect
0,101.5,0.0007522359,0.029182771,0.13489896,45.508846,solar effect
0,102.5,0.0025578118,0.051984563,0.21794935,54.90899,solar effect
0,103.5,0.026807848,0.110279925,0.40603635,71.350365,solar effect
0,104.5,0.12074221,0.192944,0.69228625,83.19079,solar effect
0,105.5,0.18675087,0.19504175,0.6936722,73.29418,solar effect
0,106.5,0.19537131,0.17744395,0.6271389,67.21909,solar effect
0,107.5,0.1902037,0.16488433,0.5810982,63.80716,solar effect
0,108.5,0.18203408,0.15474558,0.54315567,60.436172,solar effect
0,109.5,0.17456658,0.14697233,0.5137538,57.601757,solar effect
0,110.5,0.16798322,0.14058334,0.49122384,55.264305,solar effect
0,111.5,0.16213855,0.13514066,0.47280067,53.204487,solar effect
0,112.5,0.15687953,0.13045563,0.45731145,51.421566,solar effect
0,113.5,0.15266621,0.12672353,0.4448998,49.98312,solar effect
0,114.5,0.14900056,0.12355959,0.4345482,48.788376,solar effect
0,115.5,0.14563662,0.120774716,0.42553368,47.775024,solar effect
0,116.5,0.14262117,0.11828498,0.4174355,46.877792,solar effect
0,117.5,0.13991128,0.116137564,0.41042343,46.125523,solar effect
0,118.5,0.13749638,0.1141285,0.40404424,45.38742,solar effect
0,119.5,0.13536616,0.11229975,0.39821663,44.704407,solar effect
0,120.5,0.13338524,0.11060895,0.3928864,44.0653,solar effect
0,121.5,0.13156146,0.10909133,0.38811165,43.510075,solar effect
0,122.5,0.12991686,0.10775914,0.38391376,43.055534,solar effect
0,123.5,0.12845382,0.106575325,0.3801737,42.674004,solar effect
0,124.5,0.12706186,0.10547623,0.37676227,42.349274,solar effect
0,125.5,0.12575215,0.10442898,0.37356985,42.057575,solar effect
0,126.5,0.12449076,0.103437096,0.37049943,41.788338,solar effect
0,127.5,0.123267934,0.10251565,0.36764944,41.560143,solar effect
0,128.5,0.122076556,0.10162229,0.36478817,41.2847,solar effect
0,129.5,0.120948374,0.10078275,0.3621322,41.030075,solar effect
0,130.5,0.11993772,0.10004607,0.35985345,40.82227,solar effect
0,131.5,0.11897435,0.09935004,0.35771856,40.623306,solar effect
0,132.5,0.11810978,0.09875025,0.35594046,40.49029,solar effect
0,133.5,0.117353275,0.09821848,0.3543042,40.358006,solar effect
0,134.5,0.116651624,0.09772373,0.35277593,40.231464,solar effect
0,135.5,0.11593479,0.09723715,0.3512399,40.08116,solar effect
0,136.5,0.11524924,0.0967982,0.3499251,39.957783,solar effect
0,137.5,0.11461611,0.0964115,0.34878993,39.862213,solar effect
0,138.5,0.113985844,0.0960401,0.34767944,39.768345,solar effect
0,139.5,0.113347024,0.09566362,0.34654716,39.661453,solar effect
0,140.5,0.11271856,0.095292196,0.34543705,39.555084,solar effect
0,141.5,0.11209288,0.0949287,0.34437424,39.46012,solar effect
0,142.5,0.1114588,0.09454318,0.34322974,39.349052,solar effect
0,143.5,0.110838264,0.09416878,0.34211227,39.23361,solar effect
0,144.5,0.110212095,0.09378998,0.34100348,39.12477,solar effect
0,145.5,0.109623015,0.093420714,0.33990675,39.013065,solar effect
0,146.5,0.109072566,0.093080185,0.3388952,38.90962,solar effect
0,147.5,0.10853094,0.092752345,0.33792433,38.819,solar effect
0,148.5,0.108025014,0.09244157,0.33700687,38.735626,solar effect
0,149.5,0.107553974,0.0921444,0.33614436,38.655445,solar effect
0,199.5,0.100391194,0.08694798,0.3198622,37.27716,solar effect
1,0.5,0.10015385,0.08929633,0.30355453,38.682323,solar effect
1,99.5,0.09210588,0.08051182,0.2978494,33.870495,solar effect
1,100.5,0.050506283,0.04613903,0.16611715,31.52346,solar effect
1,101.5,1.5927396e-06,0.0019803797,0.005559532,16.829391,solar effect
1,102.5,4.1363142e-11,0.0058724573,0.02043639,14.978876,solar effect
1,103.5,0.00012279002,0.016545791,0.069169044,23.767136,solar effect
1,104.5,0.01313767,0.06751603,0.27733257,34.63276,solar effect
1,105.5,0.12152216,0.18145503,0.683387,64.304794,solar effect
1,106.5,0.20424971,0.21648246,0.77536905,78.63174,solar effect
1,107.5,0.2188006,0.19843736,0.6993554,74.01445,solar effect
1,108.5,0.21597964,0.18490784,0.6458246,70.22772,solar effect
1,109.5,0.2080369,0.17340171,0.6024437,66.490456,solar effect
1,110.5,0.2005597,0.1648312,0.5702843,63.58047,solar effect
1,111.5,0.19384044,0.15808573,0.5457945,61.338734,solar effect
1,112.5,0.1872814,0.15198343,0.5246343,59.125538,solar effect
1,113.5,0.18152678,0.1468724,0.50787026,57.309166,solar effect
1,114.5,0.17657912,0.14261186,0.49411523,55.838665,solar effect
1,115.5,0.17217925,0.13895176,0.48206598,54.524773,solar effect
1,116.5,0.16804707,0.13557807,0.47083664,53.28303,solar effect
1,117.5,0.1641712,0.13250057,0.46077058,52.176685,solar effect
1,118.5,0.16056281,0.12962608,0.4516452,51.162266,solar effect
1,119.5,0.15725358,0.12702169,0.44340587,50.273895,solar effect
1,120.5,0.15426786,0.12464425,0.4359945,49.409283,solar effect
1,121.5,0.15147962,0.12242237,0.42907074,48.611275,solar effect
1,122.5,0.14893746,0.12043649,0.42284402,47.9047,solar effect
1,123.5,0.14661402,0.1186905,0.4173962,47.333725,solar effect
1,124.5,0.14453846,0.11714342,0.4126262,46.84803,solar effect
1,125.5,0.14258783,0.11571229,0.40814218,46.399643,solar effect
1,126.5,0.14072518,0.11433013,0.40381035,45.957233,solar effect
1,127.5,0.13891295,0.11300698,0.39972904,45.542553,solar effect
1,128.5,0.13715631,0.11171776,0.39569432,45.132763,solar effect
1,129.5,0.13548431,0.110511094,0.39202356,44.770985,solar effect
1,130.5,0.13386598,0.10932121,0.3883236,44.379425,solar effect
1,131.5,0.13231114,0.10821119,0.38486162,44.018208,solar effect
1,132.5,0.13089943,0.107193366,0.3817209,43.683723,solar effect
1,133.5,0.12959209,0.10625175,0.37885344,43.383503,solar effect
1,134.5,0.12838994,0.10541643,0.37633437,43.130615,solar effect
1,135.5,0.12725073,0.10466688,0.37408638,42.93275,solar effect
1,136.5,0.12613118,0.1039291,0.37181717,42.702057,solar effect
1,137.5,0.1251106,0.10326753,0.36983675,42.48946,solar effect
1,138.5,0.124102265,0.10263008,0.36794806,42.288548,solar effect
1,139.5,0.12310836,0.102020234,0.36616203,42.10076,solar effect
1,140.5,0.12211478,0.10141179,0.36436477,41.902695,solar effect
1,141.5,0.12113881,0.100823104,0.36263835,41.716114,solar effect
1,142.5,0.12013433,0.100207105,0.36082226,41.509502,solar effect
1,143.5,0.11917667,0.09962299,0.35911462,41.313995,solar effect
1,144.5,0.11821229,0.09904511,0.35744435,41.12549,solar effect
1,145.5,0.11728485,0.09849261,0.35577613,40.93227,solar effect
1,146.5,0.11639663,0.09794756,0.35413787,40.74382,solar effect
1,147.5,0.11555109,0.097428784,0.35259527,40.57382,solar effect
1,148.5,0.11475378,0.09692936,0.351128,40.414894,solar effect
1,149.5,0.11399728,0.09645414,0.3497314,40.25984,solar effect
1,199.5,0.101199925,0.08756376,0.32164472,37.1235,solar effect
2,0.5,0.10015385,0.08929633,0.30355453,38.682323,solar effect
2,99.5,0.09210588,0.08051182,0.2978494,33.870495,solar effect
2,100.5,0.050237812,0.04171218,0.155808,33.43359,solar effect
2,101.5,7.074905e-05,0.0113134105,0.039852105,27.202806,solar effect
2,102.5,0.054115325,0.14121819,0.5310012,53.377567,solar effect
2,103.5,0.15669268,0.15791684,0.56542134,54.80894,solar effect
2,104.5,0.16194627,0.14296046,0.51013243,54.51131,solar effect
2,105.5,0.15721633,0.13431591,0.47508076,52.136227,solar effect
2,106.5,0.14966728,0.1271201,0.45012552,49.98877,solar effect
2,107.5,0.14277706,0.12136859,0.43149498,48.134373,solar effect
2,108.5,0.13704225,0.11685356,0.41645557,46.50038,solar effect
2,109.5,0.13230278,0.11309438,0.40374744,45.016647,solar effect
2,110.5,0.12837955,0.10999721,0.39338893,43.823105,solar effect
2,111.5,0.12508184,0.10758193,0.38515556,42.918327,solar effect
2,112.5,0.122264765,0.10538871,0.3778356,42.06477,solar effect
2,113.5,0.119928986,0.103468165,0.37159327,41.307823,solar effect
2,114.5,0.11797175,0.10175279,0.366192,40.66106,solar effect
2,115.5,0.116176575,0.100207195,0.36137205,40.102936,solar effect
2,116.5,0.11459496,0.09883021,0.35705167,39.600063,solar effect
2,117.5,0.113183625,0.09759402,0.35317475,39.147335,solar effect
2,118.5,0.11195625,0.09652459,0.34980467,38.784725,solar effect
2,119.5,0.110857435,0.09559378,0.3469272,38.51375,solar effect
2,120.5,0.109875046,0.09474759,0.3443153,38.29291,solar effect
2,121.5,0.10903479,0.094018474,0.34206057,38.13228,solar effect
2,122.5,0.1083242,0.09333802,0.3399322,37.96468,solar effect
2,123.5,0.10760577,0.09268655,0.33786732,37.81471,solar effect
2,124.5,0.10694419,0.09211896,0.33595657,37.663605,solar effect
2,125.5,0.106326334,0.09160345,0.3342211,37.53172,solar effect
2,126.5,0.10574624,0.09112182,0.33265215,37.42161,solar effect
2,127.5,0.10521875,0.090698384,0.33132285,37.33796,solar effect
2,128.5,0.104761444,0.09032811,0.33012962,37.25105,solar effect
2,129.5,0.10433467,0.08999055,0.32904422,37.18325,solar effect
2,130.5,0.10393189,0.0896546,0.3279528,37.09923,solar effect
2,131.5,0.103560224,0.089346424,0.32693464,37.00726,solar effect
2,132.5,0.103212856,0.089078754,0.32607985,36.93865,solar effect
2,133.5,0.102889635,0.088846974,0.32536575,36.88773,solar effect
2,134.5,0.10258154,0.08863585,0.3247136,36.84121,solar effect
2,135.5,0.10229312,0.08845978,0.32417986,36.813732,solar effect
2,136.5,0.1020167,0.08829126,0.32367086,36.782833,solar effect
2,137.5,0.10173688,0.088122234,0.32311633,36.736755,solar effect
2,138.5,0.10145502,0.087956004,0.32261646,36.702484,solar effect
2,139.5,0.1011574,0.08778356,0.32211468,36.66868,solar effect
2,140.5,0.100865304,0.08760441,0.32158825,36.631832,solar effect
2,141.5,0.100579575,0.087422565,0.32106024,36.588665,solar effect
2,142.5,0.1002934,0.08725424,0.32056087,36.55039,solar effect
2,143.5,0.100027904,0.08709483,0.32009834,36.517735,solar effect
2,144.5,0.099775314,0.08694297,0.31965584,36.486633,solar effect
2,145.5,0.09955141,0.086797245,0.31922433,36.45632,solar effect
2,146.5,0.09934278,0.086667925,0.31885558,36.437828,solar effect
2,147.5,0.099129215,0.08653131,0.31843054,36.411427,solar effect
2,148.5,0.09893906,0.08640628,0.3180558,36.387306,solar effect
2,149.5,0.098769896,0.08628358,0.317684,36.361847,solar effect
2,199.5,0.09729287,0.084688045,0.3123707,36.294296,solar effect
3,0.5,0.10015385,0.08929633,0.30355453,38.682323,solar effect
3,99.5,0.09210588,0.08051182,0.2978494,33.870495,solar effect
3,100.5,0.054144878,0.057395898,0.20519152,32.662785,solar effect
3,101.5,0.0044936277,0.045386717,0.21133645,53.52884,solar effect
3,102.5,0.070740454,0.14678255,0.54628843,78.23611,solar effect
3,103.5,0.15434203,0.17048547,0.6032889,65.125114,solar effect
3,104.5,0.16226935,0.14814804,0.53026295,56.880196,solar effect
3,105.5,0.15777688,0.13776937,0.4893903,53.586533,solar effect
3,106.5,0.15049416,0.12940097,0.45904922,50.889126,solar effect
3,107.5,0.14330246,0.12282294,0.43701786,48.713703,solar effect
3,108.5,0.13721293,0.117817715,0.42017895,46.901375,solar effect
3,109.5,0.13226515,0.11374843,0.40652525,45.342297,solar effect
3,110.5,0.12827832,0.110467985,0.39543906,44.041405,solar effect
3,111.5,0.124914676,0.107857496,0.38655123,43.062523,solar effect
3,112.5,0.122168325,0.10565826,0.3791334,42.22415,solar effect
3,113.5,0.119900644,0.10375942,0.37281597,41.487614,solar effect
3,114.5,0.117988065,0.10206577,0.36739767,40.873703,solar effect
3,115.5,0.1162321,0.10050918,0.36253005,40.32275,solar effect
3,116.5,0.11466226,0.099081956,0.35804862,39.80644,solar effect
3,117.5,0.1132613,0.097807184,0.3539757,39.32559,solar effect
3,118.5,0.11208117,0.09673546,0.35059112,38.957996,solar effect
3,119.5,0.11101367,0.09577546,0.3475828,38.66222,solar effect
3,120.5,0.11009048,0.09494883,0.3450426,38.460743,solar effect
3,121.5,0.10932133,0.09423859,0.34287596,38.316364,solar effect
3,122.5,0.10859408,0.093553975,0.34068882,38.17553,solar effect
3,123.5,0.107853234,0.09288918,0.33853525,38.006737,solar effect
3,124.5,0.107192576,0.09231814,0.33660907,37.856525,solar effect
3,125.5,0.10661135,0.09180973,0.334924,37.723854,solar effect
3,126.5,0.10605332,0.09132257,0.3333363,37.611782,solar effect
3,127.5,0.10551747,0.09090146,0.33198786,37.529415,solar effect
3,128.5,0.1050736,0.090544276,0.3308332,37.461624,solar effect
3,129.5,0.10465646,0.09019789,0.32970965,37.387493,solar effect
3,130.5,0.10424763,0.08985397,0.3285684,37.287067,solar effect
3,131.5,0.10389047,0.08955614,0.3276155,37.205097,solar effect
3,132.5,0.10354993,0.08929342,0.32675788,37.129288,solar effect
3,133.5,0.10323061,0.08906123,0.32605454,37.077194,solar effect
3,134.5,0.10293515,0.088873796,0.325473,37.041286,solar effect
3,135.5,0.10265563,0.08869923,0.32491243,37.0,solar effect
3,136.5,0.102384344,0.08853005,0.32436317,36.955555,solar effect
3,137.5,0.10208054,0.08834567,0.32377145,36.904705,solar effect
3,138.5,0.10177515,0.08817331,0.32326925,36.872177,solar effect
3,139.5,0.101482,0.08800066,0.32278067,36.844315,solar effect
3,140.5,0.101177976,0.08781488,0.32224607,36.80666,solar effect
3,141.5,0.10087308,0.08763317,0.32171696,36.76198,solar effect
3,142.5,0.10057971,0.087456405,0.3211879,36.717445,solar effect
3,143.5,0.10030116,0.08728103,0.32066578,36.672005,solar effect
3,144.5,0.10004846,0.08712737,0.32022488,36.639187,solar effect
3,145.5,0.09981012,0.086977825,0.31978342,36.61004,solar effect
3,146.5,0.09957805,0.086833835,0.31934565,36.58083,solar effect
3,147.5,0.09936707,0.08669083,0.31892753,36.554726,solar effect
3,148.5,0.09918945,0.08656196,0.3185202,36.52321,solar effect
3,149.5,0.09903604,0.08644693,0.31815845,36.49978,solar effect
3,199.5,0.09754427,0.08482313,0.3127523,36.37506,solar effect
4,0.5,0.10015385,0.08929633,0.30355453,38.682323,solar effect
4,99.5,0.09210588,0.08051182,0.2978494,33.870495,solar effect
4,100.5,0.05027106,0.042154446,0.15670669,33.203167,solar effect
4,101.5,4.2282832e-07,3.5051653e-05,9.710485e-05,24.4679,solar effect
4,102.5,7.813464e-05,0.007398533,0.02570358,15.2267275,solar effect
4,103.5,0.03545711,0.1129065,0.42169943,37.553837,solar effect
4,104.5,0.16938072,0.19379592,0.69858104,63.29686,solar effect
4,105.5,0.19666862,0.1805714,0.6406971,66.664925,solar effect
4,106.5,0.19367456,0.16578954,0.5842321,63.897003,solar effect
4,107.5,0.18458323,0.15474045,0.5427038,60.503845,solar effect
4,108.5,0.17623356,0.14692283,0.51289606,57.637196,solar effect
4,109.5,0.16933885,0.14064397,0.49083686,55.297077,solar effect
4,110.5,0.16323042,0.13536197,0.4729908,53.29715,solar effect
4,111.5,0.15785725,0.13084549,0.45821095,51.59349,solar effect
4,112.5,0.15330401,0.12699717,0.44550028,50.086414,solar effect
4,113.5,0.14933196,0.12367006,0.43463463,48.781124,solar effect
4,114.5,0.14589126,0.12090421,0.4258601,47.825504,solar effect
4,115.5,0.14277259,0.11838791,0.41767195,46.866642,solar effect
4,116.5,0.1399388,0.11616201,0.4103924,46.035385,solar effect
4,117.5,0.13742381,0.11411184,0.40381747,45.263294,solar effect
4,118.5,0.1351757,0.11222889,0.39783102,44.543343,solar effect
4,119.5,0.13312593,0.11052491,0.39240205,43.879128,solar effect
4,120.5,0.13120437,0.10892486,0.3874367,43.289528,solar effect
4,121.5,0.12948431,0.10754681,0.38312382,42.779366,solar effect
4,122.5,0.1279304,0.10632126,0.379238,42.365925,solar effect
4,123.5,0.12648761,0.10520306,0.375716,41.99987,solar effect
4,124.5,0.12511481,0.10413595,0.3724637,41.68067,solar effect
4,125.5,0.12381892,0.10312083,0.36931127,41.36882,solar effect
4,126.5,0.122624815,0.1021698,0.36647037,41.10787,solar effect
4,127.5,0.121494606,0.10132787,0.36387527,40.893642,solar effect
4,128.5,0.12031713,0.10045344,0.36105436,40.624672,solar effect
4,129.5,0.11924674,0.099679664,0.3586402,40.4081,solar effect
4,130.5,0.11824033,0.098956615,0.35637993,40.19561,solar effect
4,131.5,0.11732304,0.098282985,0.35431474,40.009357,solar effect
4,132.5,0.11646339,0.09768072,0.35248563,39.85375,solar effect
4,133.5,0.115695864,0.09714965,0.3509003,39.733204,solar effect
4,134.5,0.11500308,0.09666617,0.34941489,39.614204,solar effect
4,135.5,0.114356324,0.09620766,0.3480273,39.49698,solar effect
4,136.5,0.11370644,0.095760636,0.3466953,39.373302,solar effect
4,137.5,0.11309887,0.09536616,0.34550354,39.260242,solar effect
4,138.5,0.11252526,0.09502379,0.34446132,39.168106,solar effect
4,139.5,0.11195359,0.09468353,0.34346324,39.084057,solar effect
4,140.5,0.11137442,0.09434834,0.3424906,39.00538,solar effect
4,141.5,0.11080298,0.09401296,0.341517,38.920815,solar effect
4,142.5,0.11021383,0.09365915,0.3404937,38.82711,solar effect
4,143.5,0.10963179,0.09332078,0.33952034,38.742863,solar effect
4,144.5,0.109078616,0.092982896,0.33851773,38.647987,solar effect
4,145.5,0.10853934,0.09266301,0.33753002,38.550446,solar effect
4,146.5,0.108011186,0.092339635,0.33654088,38.452065,solar effect
4,147.5,0.10751678,0.09203546,0.3356375,38.361675,solar effect
4,148.5,0.10704159,0.09174234,0.33478817,38.283424,solar effect
4,149.5,0.106590174,0.091461025,0.33397865,38.212097,solar effect
4,199.5,0.09963238,0.086499885,0.31845397,36.97116,solar effect
5,0.5,0.10015385,0.08929633,0.30355453,38.682323,solar effect
5,99.5,0.09210588,0.08051182,0.2978494,33.870495,solar effect
5,100.5,0.050284352,0.041637197,0.15593949,33.54111,solar effect
5,101.5,4.176913e-07,1.5599807e-07,9.4739636e-07,84.91765,solar effect
5,102.5,2.5744665e-05,0.0019275174,0.005205813,10.673537,solar effect
5,103.5,0.0390064,0.11245136,0.40144104,30.77201,solar effect
5,104.5,0.18090056,0.190285,0.68312573,59.947956,solar effect
5,105.5,0.19830081,0.17445281,0.61551756,65.02501,solar effect
5,106.5,0.19209608,0.16128378,0.56604564,62.55856,solar effect
5,107.5,0.18314603,0.1519277,0.5299908,59.265827,solar effect
5,108.5,0.17510611,0.14482008,0.5046036,56.785923,solar effect
5,109.5,0.16862896,0.13915116,0.48526156,54.6988,solar effect
5,110.5,0.16270208,0.13424179,0.4688756,52.851234,solar effect
5,111.5,0.1574356,0.12996891,0.454897,51.232845,solar effect
5,112.5,0.15288058,0.12627323,0.44279143,49.785114,solar effect
5,113.5,0.14891641,0.12309504,0.43260708,48.595177,solar effect
5,114.5,0.14549781,0.12038134,0.42397586,47.6043,solar effect
5,115.5,0.1423944,0.117929116,0.41599855,46.66743,solar effect
5,116.5,0.13962685,0.115799725,0.40905726,45.87487,solar effect
5,117.5,0.13711545,0.1137979,0.40269026,45.14033,solar effect
5,118.5,0.13490917,0.11198513,0.39694545,44.440117,solar effect
5,119.5,0.13285759,0.11029018,0.39163265,43.79209,solar effect
5,120.5,0.13098663,0.10873585,0.38676158,43.18994,solar effect
5,121.5,0.12927061,0.10732764,0.38234633,42.65094,solar effect
5,122.5,0.1276655,0.10608876,0.37842798,42.20064,solar effect
5,123.5,0.12614888,0.10493878,0.37488902,41.838715,solar effect
5,124.5,0.1247251,0.10389583,0.37170568,41.53416,solar effect
5,125.5,0.12336254,0.10288715,0.36855936,41.238956,solar effect
5,126.5,0.122226216,0.10196823,0.36581704,40.972794,solar effect
5,127.5,0.12106296,0.10107495,0.36308372,40.721176,solar effect
5,128.5,0.119895905,0.10024148,0.36046138,40.49209,solar effect
5,129.5,0.11879876,0.099460214,0.3580294,40.268772,solar effect
5,130.5,0.1177893,0.09872823,0.35572618,40.053497,solar effect
5,131.5,0.11687042,0.09806447,0.35367167,39.857635,solar effect
5,132.5,0.11600881,0.097445875,0.3517881,39.68636,solar effect
5,133.5,0.11521931,0.09690017,0.35014963,39.554626,solar effect
5,134.5,0.11449067,0.09639464,0.3486061,39.4254,solar effect
5,135.5,0.11384401,0.09594387,0.34724078,39.305527,solar effect
5,136.5,0.113212354,0.095498964,0.34587872,39.18478,solar effect
5,137.5,0.1126001,0.09508015,0.34460905,39.067905,solar effect
5,138.5,0.11199614,0.09468763,0.34342995,38.955822,solar effect
5,139.5,0.11144288,0.0943497,0.34243223,38.869255,solar effect
5,140.5,0.11088135,0.09401213,0.34142578,38.779057,solar effect
5,141.5,0.11032912,0.09367792,0.3404704,38.69466,solar effect
5,142.5,0.109781325,0.09336172,0.33955798,38.618298,solar effect
5,143.5,0.10922401,0.09303562,0.33859915,38.52847,solar effect
5,144.5,0.10867721,0.09270516,0.33762798,38.432526,solar effect
5,145.5,0.10815921,0.09238781,0.33667797,38.343025,solar effect
5,146.5,0.10765049,0.092072815,0.3357009,38.24364,solar effect
5,147.5,0.107163474,0.09177421,0.33478808,38.154213,solar effect
5,148.5,0.10668736,0.0914882,0.33394238,38.076523,solar effect
5,149.5,0.106234595,0.091215804,0.333132,37.999146,solar effect
5,199.5,0.09915372,0.086212575,0.31752187,36.76603,solar effect
6,0.5,0.10015385,0.08929633,0.30355453,38.682323,solar effect
6,99.5,0.09210588,0.08051182,0.2978494,33.870495,solar effect
6,100.5,0.05023507,0.041613743,0.15566835,33.492584,solar effect
6,101.5,4.1078192e-07,1.9974959e-07,1.0036507e-06,65.68738,solar effect
6,102.5,1.5535318e-11,2.4288166e-10,2.4969943e-10,20.984835,solar effect
6,103.5,5.4944867e-05,0.001985588,0.0067534503,19.291065,solar effect
6,104.5,0.026300011,0.087344944,0.32667547,25.94757,solar effect
6,105.5,0.18057372,0.21255985,0.77761614,65.91936,solar effect
6,106.5,0.21903996,0.20217438,0.71589696,73.91385,solar effect
6,107.5,0.21970192,0.18613666,0.6494849,70.353294,solar effect
6,108.5,0.2104088,0.1736362,0.60257876,66.70221,solar effect
6,109.5,0.20199883,0.16470516,0.56839526,63.432076,solar effect
6,110.5,0.19466153,0.15799405,0.5444384,61.197906,solar effect
6,111.5,0.1881516,0.1520907,0.5242901,59.11845,solar effect
6,112.5,0.18215224,0.14706442,0.5077668,57.344574,solar effect
6,113.5,0.17683001,0.14262573,0.49348143,55.797146,solar effect
6,114.5,0.1722649,0.13887852,0.48123178,54.40489,solar effect
6,115.5,0.1680022,0.13553652,0.4702255,53.191658,solar effect
6,116.5,0.16407979,0.13243008,0.4601138,52.04487,solar effect
6,117.5,0.16040552,0.1295678,0.45097268,51.01724,solar effect
6,118.5,0.15703157,0.12691505,0.442586,50.058357,solar effect
6,119.5,0.1539817,0.124494806,0.435058,49.199383,solar effect
6,120.5,0.15118524,0.12229302,0.42827463,48.426857,solar effect
6,121.5,0.14861912,0.12030328,0.42213273,47.732193,solar effect
6,122.5,0.14625195,0.1185099,0.41659507,47.112015,solar effect
6,123.5,0.14406858,0.11687556,0.41157886,46.572186,solar effect
6,124.5,0.14210674,0.11543309,0.40713024,46.122757,solar effect
6,125.5,0.14023128,0.11405696,0.40292805,45.689724,solar effect
6,126.5,0.13844994,0.11277537,0.39898324,45.28796,solar effect
6,127.5,0.13668928,0.11151154,0.39501482,44.889084,solar effect
6,128.5,0.13504392,0.11032577,0.39143515,44.539696,solar effect
6,129.5,0.13345575,0.10920174,0.38801593,44.211315,solar effect
6,130.5,0.13195571,0.108091995,0.38454843,43.8401,solar effect
6,131.5,0.130481,0.10701842,0.38118315,43.462822,solar effect
6,132.5,0.12912524,0.10605118,0.37822506,43.1502,solar effect
6,133.5,0.12784319,0.1051398,0.37547117,42.863754,solar effect
6,134.5,0.12664142,0.104315914,0.37296993,42.599728,solar effect
6,135.5,0.1255548,0.103593364,0.37082767,42.406536,solar effect
6,136.5,0.12447886,0.10288176,0.36863708,42.182266,solar effect
6,137.5,0.123469025,0.10222276,0.36663696,41.971115,solar effect
6,138.5,0.12250331,0.101613864,0.36484504,41.78606,solar effect
6,139.5,0.12159436,0.10105358,0.36320522,41.615166,solar effect
6,140.5,0.120681524,0.100485936,0.36151415,41.42918,solar effect
6,141.5,0.119776115,0.09991988,0.35982412,41.239292,solar effect
6,142.5,0.118881665,0.09936704,0.3581429,41.045742,solar effect
6,143.5,0.117979705,0.09881484,0.35650718,40.856224,solar effect
6,144.5,0.11709845,0.09827423,0.354922,40.67313,solar effect
6,145.5,0.116245724,0.09775787,0.35340935,40.504154,solar effect
6,146.5,0.11542403,0.09725217,0.35190225,40.332153,solar effect
6,147.5,0.114644945,0.096772015,0.3504838,40.171566,solar effect
6,148.5,0.11390666,0.096310094,0.3490911,40.010105,solar effect
6,149.5,0.11319633,0.09585984,0.3477273,39.851635,solar effect
6,199.5,0.100432366,0.087045565,0.31991416,36.71843,solar effect
7,0.5,0.10015385,0.08929633,0.30355453,38.682323,solar effect
7,99.5,0.09210588,0.08051182,0.2978494,33.870495,solar effect
7,100.5,0.050284352,0.041637197,0.15593949,33.54111,solar effect
7,101.5,4.1769138e-07,1.559976e-07,9.473963e-07,84.91787,solar effect
7,102.5,1.5550755e-11,1.3458876e-11,1.885222e-11,20.24569,solar effect
7,103.5,3.7719627e-05,0.0016934721,0.0054863794,13.123073,solar effect
7,104.5,0.03384113,0.098035485,0.36628228,26.165798,solar effect
7,105.5,0.19729738,0.21093993,0.7618141,64.22217,solar effect
7,106.5,0.22270179,0.19495484,0.68344855,71.834015,solar effect
7,107.5,0.21755409,0.18062383,0.6277647,68.93778,solar effect
7,108.5,0.2082749,0.16991699,0.5870398,65.357666,solar effect
7,109.5,0.19971167,0.16194531,0.5577306,62.537487,solar effect
7,110.5,0.19265042,0.15560894,0.53574085,60.371346,solar effect
7,111.5,0.18623456,0.15005952,0.517172,58.40124,solar effect
7,112.5,0.18036032,0.14527005,0.5017249,56.746105,solar effect
7,113.5,0.1751185,0.14104357,0.48803636,55.244137,solar effect
7,114.5,0.17058581,0.13739783,0.47615626,53.868797,solar effect
7,115.5,0.16645777,0.13420793,0.46570587,52.72096,solar effect
7,116.5,0.16265452,0.1311846,0.45591214,51.577415,solar effect
7,117.5,0.15901087,0.12835377,0.44680455,50.50917,solar effect
7,118.5,0.15571564,0.12580895,0.43881494,49.588253,solar effect
7,119.5,0.15274139,0.12348637,0.43171418,48.77961,solar effect
7,120.5,0.14999342,0.121340126,0.42514908,48.033005,solar effect
7,121.5,0.14748082,0.11944737,0.41936368,47.401386,solar effect
7,122.5,0.14517403,0.117706195,0.41410208,46.824577,solar effect
7,123.5,0.14304055,0.11612862,0.40924138,46.297714,solar effect
7,124.5,0.14109957,0.114716195,0.40490162,45.83203,solar effect
7,125.5,0.13921475,0.11334409,0.40074062,45.416233,solar effect
7,126.5,0.1374411,0.11208596,0.39686716,45.01948,solar effect
7,127.5,0.13575172,0.11088812,0.39315835,44.64238,solar effect
7,128.5,0.13415338,0.1097364,0.38961136,44.28717,solar effect
7,129.5,0.13261023,0.10864162,0.38623953,43.95156,solar effect
7,130.5,0.13112578,0.10755634,0.38287324,43.593975,solar effect
7,131.5,0.12972322,0.10653211,0.3796577,43.238575,solar effect
7,132.5,0.12837875,0.105570644,0.37671122,42.927666,solar effect
7,133.5,0.12711488,0.10467649,0.37399316,42.6404,solar effect
7,134.5,0.12593536,0.10385315,0.3714974,42.372185,solar effect
7,135.5,0.124872945,0.10314627,0.36941105,42.180737,solar effect
7,136.5,0.12381877,0.10245004,0.3672955,41.96088,solar effect
7,137.5,0.12284394,0.10181145,0.36535996,41.75028,solar effect
7,138.5,0.121922866,0.101215914,0.36363834,41.573193,solar effect
7,139.5,0.12101027,0.100664794,0.36198595,41.40686,solar effect
7,140.5,0.120098926,0.100104995,0.36031735,41.228447,solar effect
7,141.5,0.11921824,0.0995495,0.35862556,41.03698,solar effect
7,142.5,0.11835602,0.09900865,0.35698974,40.85069,solar effect
7,143.5,0.11750074,0.09847739,0.3554009,40.6633,solar effect
7,144.5,0.116665624,0.097963125,0.35389128,40.485424,solar effect
7,145.5,0.11585326,0.09746958,0.35243672,40.319107,solar effect
7,146.5,0.11507416,0.09698865,0.35100335,40.154133,solar effect
7,147.5,0.11431824,0.09651902,0.3496093,39.991917,solar effect
7,148.5,0.11360583,0.09608188,0.3483069,39.84357,solar effect
7,149.5,0.11291483,0.09565152,0.347017,39.698967,solar effect
7,199.5,0.10003379,0.086767174,0.31895426,36.4909,solar effect
8,0.5,0.10015385,0.08929633,0.30355453,38.682323,solar effect
8,99.5,0.09210588,0.08051182,0.2978494,33.870495,solar effect
8,100.5,0.06682381,0.07116884,0.25204855,35.19472,solar effect
8,101.5,0.029914731,0.07837199,0.2963109,70.87818,solar effect
8,102.5,0.061557166,0.1375444,0.43711603,87.143036,solar effect
8,103.5,0.13341266,0.1911718,0.6289605,93.39505,solar effect
8,104.5,0.1644588,0.17015956,0.5925616,68.31963,solar effect
8,105.5,0.16365433,0.15120739,0.5345632,58.56171,solar effect
8,106.5,0.15900497,0.14135242,0.50061923,55.2687,solar effect
8,107.5,0.15226884,0.13268264,0.47124365,52.41722,solar effect
8,108.5,0.14505684,0.12567839,0.4467903,49.893097,solar effect
8,109.5,0.13909444,0.12039861,0.42830867,47.895683,solar effect
8,110.5,0.1341959,0.1160144,0.41357893,46.22143,solar effect
8,111.5,0.13031876,0.11248398,0.40182894,44.830425,solar effect
8,112.5,0.12703946,0.10968876,0.3923405,43.785877,solar effect
8,113.5,0.124347985,0.10739639,0.384747,42.925602,solar effect
8,114.5,0.12209278,0.10542278,0.37820613,42.18174,solar effect
8,115.5,0.12024806,0.103714734,0.37265322,41.56022,solar effect
8,116.5,0.11849386,0.102093175,0.36752105,40.992245,solar effect
8,117.5,0.11697473,0.100685135,0.36312717,40.502758,solar effect
8,118.5,0.115626924,0.099400744,0.35903782,40.038456,solar effect
8,119.5,0.114427194,0.09828264,0.35544527,39.650482,solar effect
8,120.5,0.11336565,0.09729685,0.3523606,39.34906,solar effect
8,121.5,0.11241634,0.096451335,0.34969297,39.157864,solar effect
8,122.5,0.11164759,0.095703766,0.34736383,38.97893,solar effect
8,123.5,0.11090677,0.09499951,0.34512913,38.82965,solar effect
8,124.5,0.110117614,0.0943122,0.34289622,38.650078,solar effect
8,125.5,0.10939929,0.093689665,0.340811,38.4745,solar effect
8,126.5,0.10874227,0.09314281,0.33890706,38.329918,solar effect
8,127.5,0.10813537,0.09262246,0.33722258,38.200233,solar effect
8,128.5,0.10758752,0.092178114,0.3357891,38.092827,solar effect
8,129.5,0.107072905,0.09176234,0.334481,37.999454,solar effect
8,130.5,0.10662411,0.091394864,0.33332708,37.919743,solar effect
8,131.5,0.106186524,0.091036715,0.33218706,37.814476,solar effect
8,132.5,0.10579382,0.090738416,0.3312161,37.726963,solar effect
8,133.5,0.1054067,0.09045826,0.3303201,37.650017,solar effect
8,134.5,0.10507141,0.09024031,0.32968956,37.610306,solar effect
8,135.5,0.10476593,0.09004204,0.32905763,37.559444,solar effect
8,136.5,0.104447916,0.0898569,0.32846895,37.518414,solar effect
8,137.5,0.10412148,0.08967018,0.32789236,37.47268,solar effect
8,138.5,0.10377177,0.089468196,0.32730252,37.431538,solar effect
8,139.5,0.1034175,0.08926145,0.32669425,37.386917,solar effect
8,140.5,0.1030769,0.08905989,0.3260911,37.33501,solar effect
8,141.5,0.10273281,0.088856235,0.32551402,37.28597,solar effect
8,142.5,0.1023805,0.08864173,0.32488745,37.22768,solar effect
8,143.5,0.1020474,0.08844456,0.32431155,37.184067,solar effect
8,144.5,0.101725794,0.08825156,0.32376742,37.144054,solar effect
8,145.5,0.10142912,0.0880668,0.32323945,37.10161,solar effect
8,146.5,0.101136826,0.08789131,0.32272205,37.06497,solar effect
8,147.5,0.10087888,0.08773225,0.3222445,37.0297,solar effect
8,148.5,0.10065396,0.08757876,0.321772,36.98994,solar effect
8,149.5,0.1004665,0.08743588,0.3213083,36.947124,solar effect
8,199.5,0.09825384,0.08532841,0.3144307,36.64949,solar effect
0,0.5,0.10015431,0.08929747,0.30355644,38.68233,CO2 effect
0,99.5,0.092538126,0.08094376,0.29925075,34.037064,CO2 effect
0,100.5,0.09247072,0.08077807,0.29895627,34.016735,CO2 effect
0,101.5,0.091443405,0.0795639,0.29509094,33.60065,CO2 effect
0,102.5,0.090469114,0.078493915,0.291519,33.238388,CO2 effect
0,103.5,0.089908384,0.07785205,0.2894176,33.03916,CO2 effect
0,104.5,0.08952093,0.07738844,0.2878671,32.89942,CO2 effect
0,105.5,0.089207664,0.07702343,0.2866243,32.797573,CO2 effect
0,106.5,0.088927805,0.076706916,0.28554678,32.710217,CO2 effect
0,107.5,0.0886538,0.07641132,0.28456587,32.63018,CO2 effect
0,108.5,0.08840216,0.07614298,0.2836989,32.553696,CO2 effect
0,109.5,0.08816091,0.075897135,0.28289458,32.48313,CO2 effect
0,110.5,0.087934,0.07567525,0.28216067,32.4152,CO2 effect
0,111.5,0.08774163,0.07549225,0.28155917,32.359734,CO2 effect
0,112.5,0.087553374,0.07531161,0.28096446,32.30172,CO2 effect
0,113.5,0.087367654,0.075139016,0.2803926,32.237278,CO2 effect
0,114.5,0.08719177,0.07498134,0.27985954,32.177532,CO2 effect
0,115.5,0.08702901,0.07483932,0.27937603,32.120724,CO2 effect
0,116.5,0.086861216,0.07469562,0.27888817,32.060146,CO2 effect
0,117.5,0.08670563,0.07456407,0.27843955,32.00404,CO2 effect
0,118.5,0.0865655,0.07445601,0.27807435,31.965342,CO2 effect
0,119.5,0.08641915,0.07434163,0.27768096,31.91302,CO2 effect
0,120.5,0.08628199,0.07422905,0.2772994,31.861654,CO2 effect
0,121.5,0.08614659,0.074124545,0.27694237,31.815529,CO2 effect
0,122.5,0.08602041,0.074022755,0.27658945,31.76593,CO2 effect
0,123.5,0.08589402,0.07391925,0.2762408,31.718115,CO2 effect
0,124.5,0.085774094,0.07382777,0.2759246,31.672043,CO2 effect
0,125.5,0.08566922,0.07373927,0.27560943,31.625742,CO2 effect
0,126.5,0.085572965,0.073661484,0.27533588,31.587818,CO2 effect
0,127.5,0.08547874,0.073579855,0.27504972,31.545212,CO2 effect
0,128.5,0.08539535,0.073509395,0.27479511,31.508055,CO2 effect
0,129.5,0.085306406,0.07343329,0.27453536,31.467327,CO2 effect
0,130.5,0.08523151,0.073364146,0.27429235,31.430552,CO2 effect
0,131.5,0.08516328,0.073302776,0.2740696,31.39735,CO2 effect
0,132.5,0.085090175,0.07324013,0.27384722,31.362043,CO2 effect
0,133.5,0.08502719,0.073177785,0.2736236,31.3294,CO2 effect
0,134.5,0.08496362,0.07311964,0.27342907,31.297165,CO2 effect
0,135.5,0.08490589,0.07306017,0.27322462,31.265438,CO2 effect
0,136.5,0.084866546,0.07301859,0.27307346,31.246624,CO2 effect
0,137.5,0.0848286,0.07298054,0.2729444,31.224478,CO2 effect
0,138.5,0.08479868,0.07294009,0.27278993,31.202412,CO2 effect
0,139.5,0.08477941,0.07291521,0.2727109,31.191603,CO2 effect
0,140.5,0.08476545,0.07289106,0.2726199,31.17414,CO2 effect
0,141.5,0.08476469,0.07286422,0.27254638,31.164646,CO2 effect
0,142.5,0.08476036,0.07284572,0.27249387,31.155588,CO2 effect
0,143.5,0.08477101,0.0728286,0.2724272,31.142813,CO2 effect
0,144.5,0.08478379,0.07281406,0.27238733,31.140045,CO2 effect
0,145.5,0.08479501,0.07281778,0.27239347,31.135603,CO2 effect
0,146.5,0.08482045,0.07281673,0.27236977,31.128498,CO2 effect
0,147.5,0.08483573,0.0728158,0.27239928,31.133118,CO2 effect
0,148.5,0.08486064,0.07282738,0.27239776,31.127659,CO2 effect
0,149.5,0.08489338,0.07282009,0.2723505,31.12065,CO2 effect
0,199.5,0.08499563,0.072606295,0.27155304,31.125973,CO2 effect
0,0.5,0.10015497,0.089297555,0.3035582,38.681866,both
0,99.5,0.092538044,0.080943614,0.29925245,34.03687,both
0,100.5,0.050530024,0.041857466,0.15670869,33.731895,both
0,101.5,4.1940586e-07,1.5662513e-07,9.512496e-07,85.490555,both
0,102.5,1.5557958e-11,1.3470887e-11,1.8860927e-11,20.273237,both
0,103.5,5.075647e-05,0.0018688319,0.006074543,13.099473,both
0,104.5,0.035084352,0.09993702,0.37254524,26.639185,both
0,105.5,0.19808626,0.21010567,0.7572746,64.24759,both
0,106.5,0.22243907,0.19290861,0.67506456,71.309746,both
0,107.5,0.21591109,0.17744146,0.61622787,68.15307,both
0,108.5,0.20595604,0.16619188,0.57335436,64.23027,both
0,109.5,0.19677019,0.15774402,0.54296273,61.319244,both
0,110.5,0.18931346,0.15097106,0.51971287,58.974964,both
0,111.5,0.18252133,0.14513296,0.5005055,56.938038,both
0,112.5,0.17648011,0.1400318,0.48382694,55.05558,both
0,113.5,0.17083395,0.13533315,0.46843192,53.25972,both
0,114.5,0.16604644,0.13135144,0.4555755,51.7689,both
0,115.5,0.16147064,0.12769611,0.44381678,50.428146,both
0,116.5,0.15740722,0.12453532,0.4337208,49.279152,both
0,117.5,0.15363164,0.12160544,0.42464724,48.247593,both
0,118.5,0.15024346,0.11897927,0.4165097,47.366516,both
0,119.5,0.14724885,0.11671187,0.40951964,46.61895,both
0,120.5,0.144427,0.11460114,0.40306556,45.928528,both
0,121.5,0.14182134,0.11271362,0.3972996,45.348156,both
0,122.5,0.13934536,0.11092928,0.39175922,44.777634,both
0,123.5,0.13712879,0.10929456,0.38672733,44.249706,both
0,124.5,0.1350368,0.10773144,0.38194096,43.75252,both
0,125.5,0.13300766,0.10624867,0.37735757,43.278522,both
0,126.5,0.13109788,0.104888335,0.37308645,42.819317,both
0,127.5,0.12922458,0.10353276,0.36885536,42.364758,both
0,128.5,0.12746455,0.10228488,0.36497077,41.95222,both
0,129.5,0.1257813,0.10108144,0.36123443,41.55932,both
0,130.5,0.12420019,0.09996705,0.35777393,41.185925,both
0,131.5,0.12271822,0.09894103,0.35459238,40.849197,both
0,132.5,0.12131874,0.09799495,0.35172445,40.56213,both
0,133.5,0.12008327,0.097168505,0.34921652,40.287334,both
0,134.5,0.11886829,0.096367665,0.34676552,40.01016,both
0,135.5,0.117697954,0.095616415,0.34444165,39.73592,both
0,136.5,0.11657725,0.094918616,0.34225386,39.468304,both
0,137.5,0.115546286,0.09427701,0.34031165,39.237556,both
0,138.5,0.11454833,0.09366064,0.33845913,39.021603,both
0,139.5,0.11356403,0.09305188,0.33664632,38.812336,both
0,140.5,0.112611726,0.09244849,0.33482558,38.598343,both
0,141.5,0.111684725,0.09185718,0.33302394,38.373318,both
0,142.5,0.11077949,0.09128042,0.33128333,38.161484,both
0,143.5,0.1099232,0.0907386,0.32965475,37.96925,both
0,144.5,0.1090903,0.0902118,0.3280571,37.77501,both
0,145.5,0.10830319,0.08972365,0.32657492,37.60602,both
0,146.5,0.10753061,0.08924225,0.32515344,37.448254,both
0,147.5,0.106816456,0.08878714,0.32379672,37.291687,both
0,148.5,0.1061281,0.08834575,0.322468,37.141006,both
0,149.5,0.10547829,0.08792927,0.3211965,36.99473,both
0,199.5,0.09461281,0.08000687,0.2955693,33.95528,both
1,0.5,0.10015497,0.089297555,0.3035582,38.681866,both
1,99.5,0.092538044,0.080943614,0.29925245,34.03687,both
1,100.5,0.05048056,0.041834,0.15643683,33.683132,both
1,101.5,4.1247722e-07,2.008249e-07,1.0086019e-06,66.08774,both
1,102.5,1.5542522e-11,3.1753872e-10,3.2465258e-10,21.011381,both
1,103.5,6.263735e-05,0.0022461682,0.0076675722,19.087288,both
1,104.5,0.027959792,0.09021412,0.3370809,26.572466,both
1,105.5,0.182854,0.21250884,0.7755631,66.10911,both
1,106.5,0.21902892,0.20012148,0.7071917,73.36769,both
1,107.5,0.21810687,0.1830382,0.63792264,69.51652,both
1,108.5,0.20814562,0.16998067,0.5890783,65.61337,both
1,109.5,0.1989329,0.16056062,0.5536796,62.24353,both
1,110.5,0.19121146,0.15331434,0.52812517,59.743385,both
1,111.5,0.1842572,0.14710769,0.5073524,57.584217,both
1,112.5,0.17803799,0.141761,0.4897235,55.65604,both
1,113.5,0.17236272,0.1368459,0.47374138,53.799606,both
1,114.5,0.16746959,0.13276277,0.4604384,52.29733,both
1,115.5,0.1628522,0.12899163,0.44825447,50.901623,both
1,116.5,0.15862626,0.1256597,0.43759066,49.700043,both
1,117.5,0.1547659,0.12262574,0.4280213,48.62029,both
1,118.5,0.15129158,0.11992901,0.41963464,47.72515,both
1,119.5,0.1482392,0.11755222,0.4122967,46.918133,both
1,120.5,0.1453821,0.115377694,0.40563384,46.209305,both
1,121.5,0.14270163,0.11340889,0.39963818,45.607174,both
1,122.5,0.1402205,0.11162535,0.39401686,45.045532,both
1,123.5,0.13797292,0.10994014,0.38872564,44.473656,both
1,124.5,0.13583542,0.10833077,0.38381213,43.973824,both
1,125.5,0.13379423,0.10683971,0.37917107,43.486805,both
1,126.5,0.13181832,0.105435476,0.37483835,43.037956,both
1,127.5,0.12989365,0.104032315,0.37043983,42.570377,both
1,128.5,0.12811998,0.10275251,0.36645603,42.150974,both
1,129.5,0.12643175,0.101520956,0.3625995,41.73776,both
1,130.5,0.12479,0.10038012,0.3590626,41.370426,both
1,131.5,0.12322937,0.099315956,0.3558182,41.040714,both
1,132.5,0.12180561,0.0983527,0.35288572,40.7362,both
1,133.5,0.120548464,0.09750076,0.35029593,40.45199,both
1,134.5,0.11928647,0.096688285,0.3477881,40.171955,both
1,135.5,0.11809489,0.0959397,0.34546953,39.90032,both
1,136.5,0.11697133,0.09524729,0.34330902,39.64299,both
1,137.5,0.115938365,0.09459536,0.34134194,39.409134,both
1,138.5,0.11491654,0.09395986,0.33944464,39.19387,both
1,139.5,0.113888904,0.09333037,0.33756799,38.973164,both
1,140.5,0.11290215,0.092701405,0.33567137,38.74802,both
1,141.5,0.11194217,0.09208773,0.3338124,38.520264,both
1,142.5,0.111000225,0.091492504,0.33203018,38.30703,both
1,143.5,0.11010786,0.090933524,0.3303367,38.101852,both
1,144.5,0.1092684,0.09041231,0.32876915,37.920765,both
1,145.5,0.10843481,0.08988874,0.32721102,37.746864,both
1,146.5,0.10763921,0.08938908,0.32572293,37.57967,both
1,147.5,0.106902815,0.088925384,0.32430893,37.416256,both
1,148.5,0.10622826,0.08849267,0.3230124,37.26839,both
1,149.5,0.105570555,0.08806516,0.32170218,37.114426,both
1,199.5,0.09477302,0.08009949,0.29593208,34.070602,both
2,0.5,0.10015497,0.089297555,0.3035582,38.681866,both
2,99.5,0.092538044,0.080943614,0.29925245,34.03687,both
2,100.5,0.06717388,0.07153733,0.25302088,35.307335,both
2,101.5,0.030535175,0.079056665,0.29790187,70.93432,both
2,102.5,0.064695485,0.1400795,0.4453637,87.294426,both
2,103.5,0.13731244,0.1905342,0.6290951,90.938576,both
2,104.5,0.16292843,0.16627842,0.57969236,66.309746,both
2,105.5,0.16121662,0.14781958,0.52253675,57.264854,both
2,106.5,0.15586422,0.13739976,0.48691958,53.764145,both
2,107.5,0.1483403,0.12813948,0.4548928,50.57477,both
2,108.5,0.14074463,0.120669566,0.4298523,47.960964,both
2,109.5,0.13438332,0.114934385,0.41013718,45.785973,both
2,110.5,0.12936659,0.11030644,0.39466512,43.993134,both
2,111.5,0.12545958,0.10679506,0.38265803,42.613956,both
2,112.5,0.121997535,0.10381587,0.3725692,41.48068,both
2,113.5,0.11909154,0.10123009,0.36427033,40.53975,both
2,114.5,0.11661142,0.09890936,0.35700315,39.69909,both
2,115.5,0.11446018,0.096978396,0.35078874,39.024246,both
2,116.5,0.11255912,0.09531267,0.34547138,38.4741,both
2,117.5,0.110891595,0.09386558,0.34085888,38.04604,both
2,118.5,0.10945912,0.09258281,0.33678657,37.728615,both
2,119.5,0.10820097,0.09146984,0.33329624,37.473213,both
2,120.5,0.10703826,0.09043466,0.33002338,37.192245,both
2,121.5,0.10592174,0.089454606,0.32681507,36.919346,both
2,122.5,0.10491202,0.08857526,0.32390118,36.682945,both
2,123.5,0.10391999,0.087687224,0.32098365,36.39449,both
2,124.5,0.10298811,0.08687873,0.3183725,36.13411,both
2,125.5,0.1020953,0.08614877,0.31602678,35.921185,both
2,126.5,0.101323225,0.08552517,0.3140508,35.76111,both
2,127.5,0.10063019,0.08496131,0.31224376,35.615498,both
2,128.5,0.10000382,0.084474586,0.3106727,35.497715,both
2,129.5,0.09939749,0.084006965,0.3091988,35.363674,both
2,130.5,0.09883577,0.083602086,0.30790085,35.231846,both
2,131.5,0.09832932,0.08327544,0.30683473,35.127254,both
2,132.5,0.097844124,0.08297821,0.30585465,35.037643,both
2,133.5,0.097368374,0.08268102,0.3048993,34.949005,both
2,134.5,0.09689086,0.0823718,0.30390832,34.851254,both
2,135.5,0.09641943,0.082061246,0.30291957,34.74961,both
2,136.5,0.09593269,0.08175653,0.3019688,34.65718,both
2,137.5,0.0954625,0.081471264,0.30111212,34.584778,both
2,138.5,0.095004074,0.08117678,0.30022472,34.50075,both
2,139.5,0.09457366,0.08090161,0.2993939,34.426357,both
2,140.5,0.094178334,0.08063963,0.2985602,34.34271,both
2,141.5,0.09382176,0.080401644,0.29779452,34.267822,both
2,142.5,0.0934787,0.08015859,0.29701126,34.185024,both
2,143.5,0.09317005,0.07993437,0.29630435,34.118443,both
2,144.5,0.09287298,0.07971581,0.29560763,34.04724,both
2,145.5,0.092586115,0.079492375,0.29489213,33.972504,both
2,146.5,0.09232886,0.07930453,0.294284,33.912247,both
2,147.5,0.0920892,0.07912355,0.2936986,33.857662,both
2,148.5,0.091877595,0.07896339,0.29318106,33.807983,both
2,149.5,0.091672584,0.07878985,0.29261258,33.749405,both
2,199.5,0.08973265,0.076341115,0.2840981,32.954994,both
3,0.5,0.10015497,0.089297555,0.3035582,38.681866,both
3,99.5,0.092538044,0.080943614,0.29925245,34.03687,both
3,100.5,0.050516747,0.04237891,0.15748385,33.391857,both
3,101.5,4.2460994e-07,6.894007e-06,1.4346548e-05,24.711357,both
3,102.5,1.5580426e-11,1.7631919e-05,3.9634888e-05,21.913809,both
3,103.5,7.783975e-12,0.00023437779,0.0005602146,25.612614,both
3,104.5,0.00025140477,0.0037495163,0.013850147,24.917168,both
3,105.5,0.011741385,0.0519427,0.19611187,21.839905,both
3,106.5,0.12580532,0.18944947,0.71713686,60.991806,both
3,107.5,0.21165174,0.22562884,0.8079703,81.33568,both
3,108.5,0.22865881,0.2072253,0.72897357,76.87209,both
3,109.5,0.22619718,0.19202507,0.6678506,72.31012,both
3,110.5,0.21728835,0.17901559,0.6193312,68.13711,both
3,111.5,0.20859958,0.1689825,0.5817028,64.6462,both
3,112.5,0.20081641,0.16109441,0.5533373,61.983734,both
3,113.5,0.19363943,0.15440243,0.53066486,59.65049,both
3,114.5,0.18733841,0.14857516,0.5114,57.5507,both
3,115.5,0.18171625,0.14362293,0.4950817,55.78792,both
3,116.5,0.17658184,0.139357,0.48071414,54.271595,both
3,117.5,0.17182869,0.1354062,0.46764916,52.853024,both
3,118.5,0.16740459,0.13180369,0.45629,51.60844,both
3,119.5,0.16333145,0.12854278,0.44616568,50.535385,both
3,120.5,0.15967655,0.12564193,0.43725258,49.593464,both
3,121.5,0.15633607,0.12304245,0.42925626,48.787827,both
3,122.5,0.15325592,0.12070977,0.4220905,48.098953,both
3,123.5,0.15038195,0.1185902,0.41551322,47.47424,both
3,124.5,0.14767823,0.11658212,0.4090957,46.793377,both
3,125.5,0.1451025,0.11465931,0.40308902,46.151146,both
3,126.5,0.14260934,0.11284211,0.3974976,45.573402,both
3,127.5,0.14021568,0.111118816,0.39220405,45.025978,both
3,128.5,0.1379489,0.109522045,0.38728836,44.533375,both
3,129.5,0.1357849,0.10802062,0.38268226,44.083206,both
3,130.5,0.13371608,0.10655343,0.37816608,43.61739,both
3,131.5,0.13173628,0.105189,0.37396064,43.169113,both
3,132.5,0.12989827,0.10395684,0.37019813,42.77545,both
3,133.5,0.12818421,0.10280362,0.3666643,42.38277,both
3,134.5,0.12659153,0.10176471,0.36352545,42.03082,both
3,135.5,0.12508866,0.100821,0.36062193,41.68581,both
3,136.5,0.123680115,0.09993653,0.35787886,41.350983,both
3,137.5,0.12233028,0.09908048,0.35529205,41.036816,both
3,138.5,0.121029064,0.09827624,0.3528598,40.745045,both
3,139.5,0.119733945,0.09747341,0.35045332,40.447678,both
3,140.5,0.11846949,0.09667453,0.3480726,40.160564,both
3,141.5,0.11722292,0.09588602,0.34570134,39.865532,both
3,142.5,0.116027154,0.09512487,0.3433987,39.58173,both
3,143.5,0.11489862,0.09439999,0.34120932,39.308323,both
3,144.5,0.11380956,0.093708076,0.3391385,39.060886,both
3,145.5,0.11278572,0.093063116,0.33720317,38.82784,both
3,146.5,0.11181985,0.092453614,0.33533597,38.597202,both
3,147.5,0.110903814,0.091858,0.33351535,38.37376,both
3,148.5,0.11005539,0.09131288,0.3318509,38.1703,both
3,149.5,0.109267265,0.09080314,0.3302904,37.984016,both
3,199.5,0.09603579,0.08104348,0.29873008,34.132526,both
4,0.5,0.10015497,0.089297555,0.3035582,38.681866,both
4,99.5,0.092538044,0.080943614,0.29925245,34.03687,both
4,100.5,0.050530024,0.041857466,0.15670869,33.731895,both
4,101.5,4.194058e-07,1.5662562e-07,9.512498e-07,85.490326,both
4,102.5,3.0799496e-05,0.002060465,0.0056320056,10.644316,both
4,103.5,0.040029485,0.114209615,0.40758973,31.234066,both
4,104.5,0.18084851,0.18869714,0.67634976,59.66962,both
4,105.5,0.1974209,0.17205092,0.6060517,64.31981,both
4,106.5,0.19035086,0.15802164,0.5541166,61.540676,both
4,107.5,0.18039595,0.1480293,0.5160531,58.009266,both
4,108.5,0.17186326,0.14044064,0.4893446,55.35688,both
4,109.5,0.16491598,0.13432887,0.46867335,53.094402,both
4,110.5,0.15875778,0.12914535,0.45139304,51.1106,both
4,111.5,0.15326309,0.124498196,0.4361696,49.261696,both
4,112.5,0.14839683,0.120462745,0.42322123,47.72069,both
4,113.5,0.14419055,0.11708864,0.4125404,46.50486,both
4,114.5,0.14048669,0.11416672,0.40307817,45.408745,both
4,115.5,0.1371485,0.11143714,0.3943416,44.3518,both
4,116.5,0.13425635,0.109086886,0.38695717,43.46305,both
4,117.5,0.13166493,0.10698892,0.38029817,42.68029,both
4,118.5,0.12930307,0.10512309,0.37432587,41.997597,both
4,119.5,0.12710276,0.10346949,0.36917838,41.470943,both
4,120.5,0.12511408,0.10196494,0.36444923,40.994965,both
4,121.5,0.12322668,0.100512646,0.35986298,40.538708,both
4,122.5,0.12151593,0.099195406,0.3557791,40.094383,both
4,123.5,0.11984789,0.09792218,0.3518302,39.68378,both
4,124.5,0.11825031,0.09672124,0.3481414,39.30136,both
4,125.5,0.11673459,0.09559179,0.34458745,38.939014,both
4,126.5,0.11527947,0.09451376,0.34119183,38.58676,both
4,127.5,0.11389947,0.09349338,0.33797532,38.254272,both
4,128.5,0.11261154,0.09253903,0.33492762,37.940247,both
4,129.5,0.11138581,0.09165973,0.3321516,37.653625,both
4,130.5,0.11026799,0.090876244,0.32974827,37.42751,both
4,131.5,0.10925553,0.090167016,0.32762137,37.228928,both
4,132.5,0.10831389,0.08953993,0.3257395,37.058372,both
4,133.5,0.10744005,0.08896918,0.3239775,36.88445,both
4,134.5,0.10666194,0.088465855,0.32239592,36.718113,both
4,135.5,0.10591557,0.087993935,0.3208892,36.554916,both
4,136.5,0.10518419,0.08754757,0.31948474,36.40949,both
4,137.5,0.10446723,0.08710934,0.3181499,36.270832,both
4,138.5,0.103744045,0.08666572,0.31682944,36.133003,both
4,139.5,0.1030597,0.08625026,0.3155911,36.00278,both
4,140.5,0.10238199,0.085834764,0.3143415,35.877434,both
4,141.5,0.101747885,0.08544392,0.3131706,35.753197,both
4,142.5,0.10112705,0.0850551,0.31200638,35.63104,both
4,143.5,0.100544535,0.08468821,0.31090242,35.511948,both
4,144.5,0.099984474,0.08432406,0.30980942,35.395275,both
4,145.5,0.09944449,0.083980694,0.3087743,35.289852,both
4,146.5,0.098939285,0.08365046,0.30777532,35.187344,both
4,147.5,0.09846022,0.08334146,0.3068158,35.091217,both
4,148.5,0.09800817,0.083045825,0.30590302,34.999184,both
4,149.5,0.09757908,0.08275616,0.30501103,34.906826,both
4,199.5,0.09133708,0.077701434,0.28844625,33.23833,both
5,0.5,0.10015497,0.089297555,0.3035582,38.681866,both
5,99.5,0.092538044,0.080943614,0.29925245,34.03687,both
5,100.5,0.050516747,0.04237891,0.15748385,33.391857,both
5,101.5,4.2460994e-07,3.6365003e-05,0.00010036213,24.548824,both
5,102.5,8.638532e-05,0.00776592,0.027030423,15.2319975,both
5,103.5,0.036831804,0.11558562,0.43165052,38.24339,both
5,104.5,0.17035802,0.19281685,0.69438326,63.246696,both
5,105.5,0.19618818,0.17838892,0.63210464,66.05397,both
5,106.5,0.19182262,0.16264586,0.5726769,62.948948,both
5,107.5,0.18188089,0.15082751,0.5285392,59.19489,both
5,108.5,0.17283066,0.14240456,0.49712938,56.10592,both
5,109.5,0.16540483,0.13572027,0.47394627,53.628487,both
5,110.5,0.15900189,0.13016567,0.45537972,51.541447,both
5,111.5,0.15346083,0.1252706,0.4390893,49.537716,both
5,112.5,0.14863202,0.12106568,0.42547917,47.910015,both
5,113.5,0.1444413,0.11759524,0.4144126,46.663467,both
5,114.5,0.14065191,0.1145553,0.40456268,45.52661,both
5,115.5,0.1373285,0.11179788,0.39566955,44.470478,both
5,116.5,0.13433361,0.10933341,0.38786572,43.54898,both
5,117.5,0.1317719,0.10720907,0.38115922,42.761726,both
5,118.5,0.12940523,0.10530177,0.37508765,42.082542,both
5,119.5,0.12721889,0.10360345,0.36970547,41.52546,both
5,120.5,0.12517558,0.10206327,0.3648422,41.05256,both
5,121.5,0.123344794,0.100615084,0.36032382,40.595516,both
5,122.5,0.12158416,0.09926085,0.35607603,40.1668,both
5,123.5,0.11992103,0.097991824,0.35216933,39.769577,both
5,124.5,0.11832001,0.09676175,0.3483483,39.371754,both
5,125.5,0.11682986,0.09563357,0.3448301,39.01061,both
5,126.5,0.1153898,0.094564065,0.34142712,38.661854,both
5,127.5,0.11400386,0.09353402,0.33814383,38.328754,both
5,128.5,0.11271459,0.092583664,0.3351071,38.01391,both
5,129.5,0.111525714,0.091731206,0.33243716,37.747116,both
5,130.5,0.110421345,0.09095401,0.33007577,37.5333,both
5,131.5,0.10946582,0.090299465,0.32814616,37.37146,both
5,132.5,0.10853344,0.08969032,0.32628596,37.20355,both
5,133.5,0.107697755,0.08915755,0.3246445,37.04543,both
5,134.5,0.10693644,0.088676184,0.32314146,36.890488,both
5,135.5,0.10618453,0.0882045,0.32162312,36.72632,both
5,136.5,0.105448306,0.08775919,0.32024038,36.58545,both
5,137.5,0.10472484,0.087325856,0.31893027,36.45504,both
5,138.5,0.104003474,0.08688771,0.31762028,36.320335,both
5,139.5,0.10329274,0.08645947,0.3163452,36.18939,both
5,140.5,0.10261603,0.08605033,0.31511092,36.069286,both
5,141.5,0.10196945,0.085636556,0.31388623,35.937893,both
5,142.5,0.10134446,0.08523615,0.3126903,35.81198,both
5,143.5,0.10074372,0.08485827,0.31154838,35.687607,both
5,144.5,0.10018769,0.08449957,0.31045854,35.574398,both
5,145.5,0.09965956,0.08415404,0.30941,35.465294,both
5,146.5,0.099151306,0.083813325,0.30835927,35.353775,both
5,147.5,0.09866786,0.08349865,0.30739057,35.256187,both
5,148.5,0.098213896,0.08320072,0.30647153,35.16173,both
5,149.5,0.09780627,0.08291875,0.30559152,35.07422,both
5,199.5,0.091679916,0.077890106,0.28904814,33.391197,both
6,0.5,0.10015497,0.089297555,0.3035582,38.681866,both
6,99.5,0.092538044,0.080943614,0.29925245,34.03687,both
6,100.5,0.050753936,0.046404175,0.1669934,31.699945,both
6,101.5,1.6319748e-06,0.0020631393,0.0057967533,16.891544,both
6,102.5,4.349196e-11,0.0061756438,0.021587297,15.118213,both
6,103.5,0.00013625098,0.017494133,0.073302396,24.188484,both
6,104.5,0.014870669,0.0729951,0.29981512,36.012177,both
6,105.5,0.13032524,0.18804634,0.7018398,66.0263,both
6,106.5,0.20577425,0.21429357,0.76542926,78.02355,both
6,107.5,0.21810645,0.19544213,0.6877738,73.15481,both
6,108.5,0.21361417,0.18120128,0.63242984,69.11503,both
6,109.5,0.20504528,0.16918418,0.5874785,65.25129,both
6,110.5,0.19690666,0.1603167,0.5541997,62.210033,both
6,111.5,0.18946882,0.15289325,0.5276921,59.66068,both
6,112.5,0.18262392,0.14646475,0.5060759,57.32776,both
6,113.5,0.17657882,0.14095733,0.48805597,55.31885,both
6,114.5,0.1714148,0.13640499,0.47309995,53.65581,both
6,115.5,0.1667743,0.13242638,0.45994735,52.193798,both
6,116.5,0.1623031,0.12873505,0.4478998,50.862564,both
6,117.5,0.15816954,0.12543023,0.43740827,49.701958,both
6,118.5,0.15439439,0.12239216,0.42790985,48.646122,both
6,119.5,0.15100646,0.119714536,0.4195798,47.74767,both
6,120.5,0.14794496,0.117328174,0.41216707,46.968376,both
6,121.5,0.1450997,0.115189,0.4055209,46.30082,both
6,122.5,0.14245036,0.113253996,0.3992876,45.676476,both
6,123.5,0.14007097,0.11143908,0.39343908,45.03352,both
6,124.5,0.13786247,0.10977366,0.3882603,44.50228,both
6,125.5,0.1357201,0.10820376,0.3834183,44.019234,both
6,126.5,0.13366497,0.10669315,0.37875625,43.535328,both
6,127.5,0.1317079,0.105270594,0.37430805,43.07226,both
6,128.5,0.12986058,0.10391718,0.37008327,42.62988,both
6,129.5,0.12806469,0.10260996,0.36597627,42.201168,both
6,130.5,0.12632875,0.10138416,0.36214682,41.79743,both
6,131.5,0.124732494,0.10029109,0.3588371,41.460724,both
6,132.5,0.12325853,0.09929721,0.35581696,41.157898,both
6,133.5,0.12194514,0.09841258,0.3531539,40.878643,both
6,134.5,0.12064004,0.09757776,0.35056508,40.591824,both
6,135.5,0.11942748,0.09681843,0.34816575,40.307518,both
6,136.5,0.118293166,0.09610385,0.34596634,40.04673,both
6,137.5,0.11717793,0.09541866,0.343935,39.820786,both
6,138.5,0.11606609,0.094743975,0.34195226,39.602604,both
6,139.5,0.114962645,0.094072536,0.33996278,39.369667,both
6,140.5,0.11388984,0.09340027,0.33795136,39.126595,both
6,141.5,0.1128334,0.09272821,0.33594912,38.889435,both
6,142.5,0.11183339,0.09209965,0.33405608,38.659523,both
6,143.5,0.11085887,0.09148812,0.3322097,38.444874,both
6,144.5,0.10990862,0.090904415,0.33046353,38.250072,both
6,145.5,0.10902241,0.09036161,0.32885605,38.068443,both
6,146.5,0.10816836,0.08982664,0.32729042,37.897346,both
6,147.5,0.10737486,0.08933047,0.32583976,37.740696,both
6,148.5,0.10664195,0.0888647,0.3244267,37.581192,both
6,149.5,0.10597542,0.088432066,0.323095,37.42764,both
6,199.5,0.09528594,0.080417156,0.297037,34.36083,both
7,0.5,0.10015497,0.089297555,0.3035582,38.681866,both
7,99.5,0.092538044,0.080943614,0.29925245,34.03687,both
7,100.5,0.05442889,0.05772861,0.20619503,32.823975,both
7,101.5,0.0047280774,0.04591399,0.21322215,53.805973,both
7,102.5,0.07217881,0.1479899,0.5491317,78.20262,both
7,103.5,0.1539303,0.16802102,0.59504473,63.946503,both
7,104.5,0.16080527,0.14558852,0.52110684,55.996647,both
7,105.5,0.15559304,0.13445863,0.4777959,52.45818,both
7,106.5,0.14747493,0.12543407,0.4451399,49.374958,both
7,107.5,0.13972938,0.11836476,0.42167938,47.012604,both
7,108.5,0.13329035,0.11284708,0.40340185,44.980312,both
7,109.5,0.12810189,0.10855626,0.3888333,43.290344,both
7,110.5,0.1240965,0.10527349,0.37761226,42.0206,both
7,111.5,0.1205829,0.10237795,0.36791232,40.870476,both
7,112.5,0.117542714,0.09979282,0.35957724,39.914673,both
7,113.5,0.1150074,0.09753607,0.35245654,39.082214,both
7,114.5,0.112759195,0.09557799,0.3461798,38.366116,both
7,115.5,0.11075565,0.09388058,0.34082744,37.789986,both
7,116.5,0.109073795,0.09248227,0.33642673,37.387943,both
7,117.5,0.10760078,0.091242015,0.3325773,37.09649,both
7,118.5,0.106324695,0.090179935,0.32925373,36.862392,both
7,119.5,0.10514084,0.089184485,0.3260546,36.607548,both
7,120.5,0.10403869,0.0882473,0.32303762,36.354706,both
7,121.5,0.10307698,0.08739804,0.3202591,36.120293,both
7,122.5,0.10210098,0.08655554,0.31750184,35.867817,both
7,123.5,0.1012037,0.085779175,0.31497318,35.624542,both
7,124.5,0.1003634,0.08506069,0.31265143,35.40114,both
7,125.5,0.099620365,0.084436975,0.31064904,35.229588,both
7,126.5,0.09892492,0.08388749,0.30889904,35.094715,both
7,127.5,0.098346256,0.08341901,0.30737498,34.980778,both
7,128.5,0.09777448,0.082968205,0.3059463,34.86385,both
7,129.5,0.09722415,0.0825566,0.30463314,34.734356,both
7,130.5,0.09675327,0.08223213,0.30355453,34.627605,both
7,131.5,0.09631887,0.08196254,0.30263823,34.54177,both
7,132.5,0.09588265,0.08168349,0.30174768,34.464943,both
7,133.5,0.095448315,0.08140287,0.30084592,34.381382,both
7,134.5,0.09499408,0.08111474,0.29992977,34.28704,both
7,135.5,0.09455823,0.0808278,0.29902917,34.197544,both
7,136.5,0.09413621,0.08055839,0.29819375,34.11723,both
7,137.5,0.093720466,0.08029475,0.29738566,34.0432,both
7,138.5,0.09332001,0.080032036,0.29658556,33.96956,both
7,139.5,0.09295583,0.07979867,0.29587674,33.905907,both
7,140.5,0.0926082,0.079567656,0.29514363,33.839813,both
7,141.5,0.092284225,0.07933998,0.29439086,33.762547,both
7,142.5,0.091995746,0.0791383,0.2937237,33.699528,both
7,143.5,0.09172888,0.078931555,0.29302806,33.62007,both
7,144.5,0.09145894,0.078727424,0.29238474,33.558716,both
7,145.5,0.09121051,0.07854152,0.29178044,33.49862,both
7,146.5,0.090990126,0.0783695,0.29122055,33.443287,both
7,147.5,0.09078867,0.078210205,0.29070857,33.39034,both
7,148.5,0.09060457,0.078057066,0.29020584,33.339504,both
7,149.5,0.09043359,0.07789825,0.2896654,33.27862,both
7,199.5,0.08889748,0.07578311,0.2822862,32.65276,both
8,0.5,0.10015497,0.089297555,0.3035582,38.681866,both
8,99.5,0.092538044,0.080943614,0.29925245,34.03687,both
8,100.5,0.050483324,0.041933022,0.15657815,33.624004,both
8,101.5,8.1530736e-05,0.011652799,0.041193396,27.288708,both
8,102.5,0.054992065,0.14195466,0.5333365,53.72613,both
8,103.5,0.15598479,0.15588345,0.55812764,54.18426,both
8,104.5,0.16060127,0.14041692,0.50103045,53.674286,both
8,105.5,0.15491049,0.13090764,0.4626045,50.81627,both
8,106.5,0.14664799,0.12300112,0.4358738,48.40864,both
8,107.5,0.13927299,0.11683165,0.41579568,46.407604,both
8,108.5,0.13321513,0.11185848,0.39940816,44.557503,both
8,109.5,0.12835905,0.10800132,0.3862393,43.007145,both
8,110.5,0.12435388,0.104863375,0.3757071,41.799423,both
8,111.5,0.12081378,0.10203868,0.3663721,40.717354,both
8,112.5,0.11778295,0.099520236,0.35843313,39.79472,both
8,113.5,0.1151943,0.09728095,0.3513611,38.94319,both
8,114.5,0.112932876,0.09538269,0.34526995,38.22866,both
8,115.5,0.110867426,0.093696445,0.33999753,37.66373,both
8,116.5,0.10910815,0.092292085,0.33564836,37.261997,both
8,117.5,0.10760455,0.0910842,0.3318763,36.957684,both
8,118.5,0.10626917,0.08998283,0.32839838,36.682255,both
8,119.5,0.10504804,0.0889865,0.3252343,36.431057,both
8,120.5,0.103940755,0.08806707,0.3223142,36.181892,both
8,121.5,0.10292473,0.08720712,0.31949943,35.938034,both
8,122.5,0.10195574,0.08639708,0.31689614,35.702957,both
8,123.5,0.10102574,0.0856075,0.3143347,35.45673,both
8,124.5,0.100190334,0.08491148,0.31209588,35.239105,both
8,125.5,0.09941332,0.08427281,0.31005514,35.05798,both
8,126.5,0.098694645,0.083718106,0.30827564,34.92144,both
8,127.5,0.09806584,0.083229825,0.30670357,34.797405,both
8,128.5,0.097488575,0.082783446,0.30528736,34.68712,both
8,129.5,0.09695566,0.08236456,0.3039536,34.557453,both
8,130.5,0.09646738,0.08201316,0.30278355,34.435905,both
8,131.5,0.096016414,0.08172396,0.30181032,34.3414,both
8,132.5,0.095583275,0.08144707,0.30091688,34.261223,both
8,133.5,0.095155746,0.08117004,0.30004317,34.18165,both
8,134.5,0.094711445,0.080885865,0.2991536,34.096176,both
8,135.5,0.09426953,0.0806025,0.29828292,34.01077,both
8,136.5,0.093845144,0.08033438,0.29747382,33.936417,both
8,137.5,0.093437076,0.0800698,0.29663646,33.85545,both
8,138.5,0.09305175,0.07980782,0.29581255,33.770786,both
8,139.5,0.09268558,0.0795671,0.29507524,33.70323,both
8,140.5,0.092335366,0.07933309,0.29435152,33.635204,both
8,141.5,0.092006624,0.07912008,0.2936771,33.57444,both
8,142.5,0.0917137,0.07891898,0.29301223,33.513447,both
8,143.5,0.09143175,0.07871172,0.29231346,33.439148,both
8,144.5,0.09118249,0.07852085,0.29168785,33.37957,both
8,145.5,0.0909396,0.078340724,0.29110387,33.324345,both
8,146.5,0.09071331,0.07816963,0.29055312,33.27085,both
8,147.5,0.0905195,0.07801605,0.29005188,33.220726,both
8,148.5,0.090339884,0.077861026,0.28952992,33.16836,both
8,149.5,0.09015134,0.07770093,0.28899395,33.10849,both
8,199.5,0.08856881,0.07558741,0.28163433,32.515015,both
9,0.5,0.10015497,0.089297555,0.3035582,38.681866,both
9,99.5,0.092538044,0.080943614,0.29925245,34.03687,both
9,100.5,0.050530024,0.041857384,0.15670851,33.7319,both
9,101.5,4.19405e-07,1.566146e-07,9.5122215e-07,85.49064,both
9,102.5,1.5557954e-11,1.3719439e-11,1.9011917e-11,19.887823,both
9,103.5,7.457544e-12,1.5664684e-08,1.4010984e-08,17.678175,both
9,104.5,5.862571e-05,0.0022291099,0.007826888,12.612213,both
9,105.5,0.025660042,0.08605021,0.32914686,24.801031,both
9,106.5,0.18773118,0.22084795,0.80791116,67.127396,both
9,107.5,0.22669539,0.20884135,0.7382864,75.76659,both
9,108.5,0.22666693,0.19109493,0.6654917,71.7815,both
9,109.5,0.21648356,0.1770075,0.61279273,67.57149,both
9,110.5,0.20677459,0.1668769,0.5742707,63.85492,both
9,111.5,0.19871047,0.15907629,0.54636633,61.13847,both
9,112.5,0.19149026,0.15247488,0.5241255,58.8601,both
9,113.5,0.18500505,0.14684288,0.5058675,56.919003,both
9,114.5,0.1791013,0.1418043,0.4890628,55.03239,both
9,115.5,0.17393209,0.13747214,0.47465974,53.43104,both
9,116.5,0.16914183,0.13352887,0.46163803,51.994972,both
9,117.5,0.16483073,0.130001,0.45033658,50.729416,both
9,118.5,0.16082668,0.12678874,0.4403891,49.619553,both
9,119.5,0.15720835,0.12397497,0.43180096,48.74156,both
9,120.5,0.15396677,0.12149644,0.4242279,47.973053,both
9,121.5,0.15088308,0.119177185,0.41715026,47.263947,both
9,122.5,0.14799722,0.117067434,0.41071877,46.63914,both
9,123.5,0.14533624,0.115117684,0.4046723,46.039062,both
9,124.5,0.14290702,0.11328375,0.3988106,45.401463,both
9,125.5,0.14053094,0.111513935,0.39328176,44.807255,both
9,126.5,0.13818853,0.10983342,0.38813236,44.27143,both
9,127.5,0.13592389,0.10823724,0.38327146,43.785236,both
9,128.5,0.13382545,0.10678267,0.37879008,43.331062,both
9,129.5,0.13178933,0.10537219,0.37444448,42.891594,both
9,130.5,0.12987748,0.1040439,0.37029898,42.45049,both
9,131.5,0.128081,0.102817625,0.36648828,42.048275,both
9,132.5,0.12637793,0.10165284,0.36290902,41.665577,both
9,133.5,0.12479533,0.10057919,0.35963076,41.304222,both
9,134.5,0.12335391,0.09962466,0.35677558,40.989326,both
9,135.5,0.121939644,0.09872171,0.3540461,40.68135,both
9,136.5,0.12063549,0.09790578,0.35149026,40.365646,both
9,137.5,0.119405,0.0971223,0.3490851,40.06246,both
9,138.5,0.11822158,0.096381664,0.34683824,39.788,both
9,139.5,0.11709151,0.095669806,0.34469008,39.528244,both
9,140.5,0.11596191,0.09496078,0.34254703,39.26823,both
9,141.5,0.11486397,0.094265066,0.34042227,39.00413,both
9,142.5,0.11380683,0.09358871,0.33837694,38.748672,both
9,143.5,0.11278838,0.09294289,0.33641392,38.507042,both
9,144.5,0.11184013,0.0923415,0.3345812,38.279305,both
9,145.5,0.11093593,0.091763005,0.33283797,38.068718,both
9,146.5,0.11005746,0.09119815,0.33113313,37.86303,both
9,147.5,0.109223485,0.09065828,0.32947764,37.659126,both
9,148.5,0.10844297,0.09015943,0.3279572,37.48105,both
9,149.5,0.107723296,0.08968982,0.32653484,37.30875,both
9,199.5,0.0950976,0.08041692,0.2966664,33.70677,both
10,0.5,0.10015497,0.089297555,0.3035582,38.681866,both
10,99.5,0.092538044,0.080943614,0.29925245,34.03687,both
10,100.5,0.050530024,0.041857466,0.15670869,33.731895,both
10,101.5,4.1940586e-07,1.5662513e-07,9.512496e-07,85.490555,both
10,102.5,1.5557958e-11,1.3416192e-11,1.8829669e-11,20.373081,both
10,103.5,7.457546e-12,6.7528457e-12,8.339178e-12,23.055115,both
10,104.5,5.1799667e-05,0.0018843105,0.006159568,14.590386,both
10,105.5,0.034072585,0.09910573,0.37372366,25.713926,both
10,106.5,0.20256412,0.21698998,0.7844584,65.00478,both
10,107.5,0.23001528,0.19998842,0.6984831,72.57309,both
10,108.5,0.22308013,0.18385966,0.6376101,69.61996,both
10,109.5,0.21237008,0.1717543,0.59237885,65.64013,both
10,110.5,0.20294473,0.16279727,0.559602,62.507393,both
10,111.5,0.19507927,0.15557167,0.5342803,59.960663,both
10,112.5,0.18808332,0.14935344,0.5137745,57.797104,both
10,113.5,0.18185732,0.1439881,0.49621227,55.829365,both
10,114.5,0.17593144,0.13918062,0.48028153,54.02094,both
10,115.5,0.1709091,0.13503748,0.46662235,52.50999,both
10,116.5,0.16621152,0.13121511,0.45419967,51.1335,both
10,117.5,0.1620104,0.12785135,0.44354773,49.943497,both
10,118.5,0.15815322,0.124831125,0.43426728,48.91562,both
10,119.5,0.15462331,0.12211111,0.42601237,48.054222,both
10,120.5,0.15147655,0.11973632,0.41876513,47.30685,both
10,121.5,0.14847437,0.11749469,0.41190374,46.60927,both
10,122.5,0.1457399,0.115520224,0.4058873,46.031094,both
10,123.5,0.14311215,0.113601595,0.39992782,45.43007,both
10,124.5,0.14077452,0.11185406,0.39440376,44.824463,both
10,125.5,0.13839747,0.11009747,0.38889205,44.23454,both
10,126.5,0.13613337,0.10847774,0.3839289,43.716717,both
10,127.5,0.13397573,0.106937006,0.3792348,43.225502,both
10,128.5,0.13194449,0.10554098,0.37491333,42.793728,both
10,129.5,0.1299941,0.1041918,0.37075484,42.3635,both
10,130.5,0.12818342,0.10293613,0.3668238,41.939014,both
10,131.5,0.12645236,0.10174254,0.3631132,41.537846,both
10,132.5,0.12483774,0.10064641,0.35977453,41.187904,both
10,133.5,0.12333554,0.09964231,0.35668674,40.853806,both
10,134.5,0.12193455,0.098695815,0.35382223,40.536346,both
10,135.5,0.12060994,0.097832106,0.35121697,40.238655,both
10,136.5,0.11934595,0.0970238,0.3486958,39.928555,both
10,137.5,0.118149824,0.096274555,0.3464246,39.642456,both
10,138.5,0.11700606,0.095562406,0.34424847,39.37628,both
10,139.5,0.11591754,0.09488036,0.34217668,39.123306,both
10,140.5,0.11485314,0.09420045,0.34009248,38.865753,both
10,141.5,0.11382139,0.093539685,0.33805913,38.611645,both
10,142.5,0.11280604,0.09289506,0.33609602,38.36908,both
10,143.5,0.111836016,0.09227653,0.33422613,38.139038,both
10,144.5,0.1109198,0.09169307,0.33244914,37.917065,both
10,145.5,0.11005998,0.091136634,0.33074647,37.708267,both
10,146.5,0.10924239,0.09061496,0.32915795,37.517117,both
10,147.5,0.10844052,0.09009266,0.32758522,37.330853,both
10,148.5,0.10768512,0.0896074,0.3261351,37.165833,both
10,149.5,0.10698941,0.08915491,0.3247705,37.00446,both
10,199.5,0.09464182,0.0801034,0.29562762,33.497814,both
11,0.5,0.10015497,0.089297555,0.3035582,38.681866,both
11,99.5,0.092538044,0.080943614,0.29925245,34.03687,both
11,100.5,0.05442889,0.05772861,0.20619503,32.823975,both
11,101.5,0.00079631037,0.029551521,0.13655864,45.78135,both
11,102.5,0.0027764654,0.053085502,0.22171614,55.63778,both
11,103.5,0.029458962,0.11505883,0.42310125,72.50139,both
11,104.5,0.12804905,0.1959031,0.7016399,82.580864,both
11,105.5,0.18730034,0.19251396,0.6829082,72.19968,both
11,106.5,0.19418098,0.17438646,0.6158531,66.28175,both
11,107.5,0.18760374,0.16127798,0.5682585,62.72206,both
11,108.5,0.17879394,0.15053657,0.527994,58.998775,both
11,109.5,0.17066227,0.14219573,0.49720773,55.986095,both
11,110.5,0.16349667,0.13527685,0.47312266,53.392002,both
11,111.5,0.15709652,0.12933293,0.45326343,51.093735,both
11,112.5,0.15170836,0.12437011,0.43681747,49.14732,both
11,113.5,0.14741,0.1204771,0.42401662,47.67537,both
11,114.5,0.14339232,0.117053986,0.41292495,46.4446,both
11,115.5,0.13977124,0.11406568,0.40320772,45.335487,both
11,116.5,0.1365567,0.11134501,0.39454806,44.339867,both
11,117.5,0.13374591,0.10894353,0.38704944,43.486332,both
11,118.5,0.13124594,0.10692276,0.3806433,42.797146,both
11,119.5,0.1289548,0.1050687,0.37469542,42.187485,both
11,120.5,0.1268827,0.1034609,0.3695714,41.691036,both
11,121.5,0.124937505,0.10191575,0.36465463,41.21483,both
11,122.5,0.12323897,0.10050039,0.36017954,40.740734,both
11,123.5,0.12156301,0.09916871,0.35600537,40.313457,both
11,124.5,0.11993468,0.09788653,0.3520201,39.919987,both
11,125.5,0.11839414,0.096693076,0.34825206,39.53171,both
11,126.5,0.11694513,0.09560011,0.34470898,39.175842,both
11,127.5,0.1155318,0.094548,0.34136498,38.848877,both
11,128.5,0.114200786,0.093552485,0.33821166,38.530277,both
11,129.5,0.11299674,0.0926792,0.33552247,38.27543,both
11,130.5,0.11189159,0.091907695,0.33320242,38.070484,both
11,131.5,0.110934466,0.091250494,0.33130568,37.921783,both
11,132.5,0.109981485,0.09064299,0.3294317,37.752495,both
11,133.5,0.109177895,0.09014,0.32783118,37.596603,both
11,134.5,0.10838119,0.08964728,0.32625514,37.432117,both
11,135.5,0.10760818,0.08916991,0.32476813,37.281487,both
11,136.5,0.10682653,0.08870487,0.32337564,37.147434,both
11,137.5,0.10606018,0.0882519,0.32200485,37.00554,both
11,138.5,0.1052814,0.087772906,0.32056552,36.851868,both
11,139.5,0.10452911,0.08732541,0.31922713,36.717007,both
11,140.5,0.103792414,0.08688302,0.31794477,36.597206,both
11,141.5,0.10308917,0.08643627,0.31658864,36.449432,both
11,142.5,0.1024312,0.086009614,0.3153171,36.318157,both
11,143.5,0.101807654,0.085596085,0.3140651,36.182674,both
11,144.5,0.10122012,0.08521353,0.31288534,36.057964,both
11,145.5,0.100666136,0.08485272,0.3117845,35.94528,both
11,146.5,0.10012877,0.08451631,0.31072474,35.841328,both
11,147.5,0.09961494,0.08419366,0.30972502,35.749043,both
11,148.5,0.09915885,0.08388665,0.30876333,35.653965,both
11,149.5,0.09873584,0.083601445,0.30787355,35.565857,both
11,199.5,0.0921264,0.07814587,0.2899379,33.628174,both
